epoch,duration,f1_test,f1_train,last_is_best,loss_test,loss_train,max_record_id
1,0 days 00:00:00.000004,0.5358085582180976,0.40237691106673096,True,1.1417529582977295,1.4358747444654767,4
2,0 days 00:00:00.000005,0.7247335198901695,0.6468976662697569,True,0.7804165780544281,0.984611385747006,4
3,0 days 00:00:00.000004,0.7740572217134718,0.7734814406196246,True,0.7775502800941467,0.7423155025431984,4
4,0 days 00:00:00.000004,0.8416276499916207,0.8001648041046242,True,0.6194874048233032,0.6428532223952445,4
5,0 days 00:00:00.000004,0.9051109443093138,0.808646232522378,True,0.4236859977245331,0.5754955363901038,4
