,precision,recall,f1-score,support
falcon,0.9166666666666666,1.0,0.9565217391304348,11.0
human,1.0,1.0,1.0,11.0
llama2,1.0,0.8181818181818182,0.9,11.0
llama3,0.7857142857142857,0.9166666666666666,0.8461538461538461,12.0
mixtral,0.875,1.0,0.9333333333333333,7.0
qwen,0.9,0.75,0.8181818181818182,12.0
macro avg,0.9128968253968255,0.914141414141414,0.9090317894665721,64.0
weighted avg,0.9130766369047618,0.90625,0.9051109443093138,64.0
