,precision,recall,f1-score,support
falcon,0.9090909090909091,0.9090909090909091,0.9090909090909091,11.0
human,1.0,0.7142857142857143,0.8333333333333334,7.0
llama2,1.0,0.4,0.5714285714285714,10.0
llama3,0.5555555555555556,0.9090909090909091,0.6896551724137931,11.0
mixtral,0.8571428571428571,1.0,0.9230769230769231,12.0
qwen,0.75,0.6923076923076923,0.72,13.0
macro avg,0.8452982202982202,0.7707958707958708,0.7744308182239217,64.0
weighted avg,0.8304191468253969,0.78125,0.7745429534545913,64.0
