epoch,duration,f1_test,f1_train,last_is_best,loss_test,loss_train,max_record_id
1,0 days 00:00:00.000007,0.5557889667803461,0.38666925412508507,True,1.0990976691246033,1.454153336976704,4
2,0 days 00:00:00.000008,0.6319276441324791,0.6386975415216128,True,0.8657257556915283,1.0434275332250094,4
3,0 days 00:00:00.000007,0.7204973692583491,0.7507754963045821,True,0.6381828188896179,0.8211902568214818,4
4,0 days 00:00:00.000007,0.7497422390498579,0.7827862498247087,True,0.6039911806583405,0.6880271905346921,4
5,0 days 00:00:00.000007,0.7745429534545915,0.78383636509068,True,0.49657076597213745,0.6183994286938718,4
