,precision,recall,f1-score,support
falcon:40b,0.8095238095238095,0.8947368421052632,0.85,19.0
llama2:70b,0.5714285714285714,0.5714285714285714,0.5714285714285714,7.0
mixtral:8x7b,0.8888888888888888,0.8,0.8421052631578947,20.0
qwen:72b,0.8888888888888888,0.8888888888888888,0.8888888888888888,18.0
macro avg,0.7896825396825397,0.7887635756056809,0.7881056808688387,64.0
weighted avg,0.8306051587301587,0.828125,0.8280016447368421,64.0
