epoch,duration,f1_test,f1_train,last_is_best,loss_test,loss_train,max_record_id
1,0 days 00:00:00.000005,0.6213842494468629,0.4479110331164463,False,0.8909050226211548,1.1019254252314568,3
2,0 days 00:00:00.000004,0.6875900900900901,0.6796349126104705,False,0.8320255279541016,0.85755305737257,3
3,0 days 00:00:00.000004,0.7344842337852207,0.7658378622378188,False,0.6140004992485046,0.713543564081192,3
4,0 days 00:00:00.000004,0.828001644736842,0.7538270708592814,False,0.49795758724212646,0.6318414881825447,3
5,0 days 00:00:00.000004,0.791289418576004,0.7833563831070613,False,0.4865754544734955,0.5709521360695362,3
